Date,Name,Year,Letterboxd URI,Rating,Rewatch,Review,Tags,Watched Date
2025-10-06,My Night at Maud's,1969,https://boxd.it/bh2DNr,5,,"CHRISTMAS 2024, i really really want to kms right fucking now I'm soo serious",,2024-12-25
2025-10-06,The Thing,1982,https://boxd.it/bh2GVt,5,,art,,2025-10-05
2025-10-06,Dishoom,2016,https://boxd.it/bh2S63,3.5,,cinema,,2017-12-01
2025-10-06,Fight Club,1999,https://boxd.it/bh2UaB,5,,first rule,,2023-06-14
2025-10-06,Shaun of the Dead,2004,https://boxd.it/bh2VG9,4.5,,classic,,2023-06-15
2025-10-06,Remember Me,2010,https://boxd.it/bh2WTj,1.5,,nah wtf is this ending dawg?,,2023-09-11
2025-10-06,The Dictator,2012,https://boxd.it/bh33Jb,5,,cinema,,2025-10-05
2025-10-06,Joker,2019,https://boxd.it/bhbaiR,4,Yes,absolute masterpiece!!!!!!!!!,,2023-05-15
2025-10-06,Shrek Forever After,2010,https://boxd.it/bhbdEr,5,Yes,short kings always win,,2024-11-29
2025-10-06,The Thing,1982,https://boxd.it/bhbhmh,5,Yes,question your coworkers pls,,2024-10-25
2025-10-06,Snatch,2000,https://boxd.it/bhboZl,5,,Bullet Tooth Tony carried !!!!!,,2024-10-26
2025-10-06,The Dictator,2012,https://boxd.it/bhbBnJ,,Yes,"Do you want the Aladeen news or the Aladeen news?
The Aladeen news?

> You are HIV-Aladeen

11/10",,2025-10-05
2025-10-06,Adventures in Babysitting,1987,https://boxd.it/bhbPF3,5,,"I love how perfectly this movie captures the charm of Chicago. I’ve never seen something so chaotic yet so fun :)

10/10 comfort movie.
will watch it again tonight :)",,2025-09-10
2025-10-06,ted,2024,https://boxd.it/bhcyp5,5,,"I absolutely loved the Christmas episode. First watch was easily top 5 experiences oat.


I firmly believe that Seth actually iss modern day Shakespeare :)",,2024-12-20
2025-10-07,In Bruges,2008,https://boxd.it/bhPwnf,5,,"in love w/ an inanimate object

10/10 shoutout my brother who showed me this gem",,2024-11-26
2025-10-07,Groundhog Day,1993,https://boxd.it/bhPDUl,5,,"this is the movie I watch everytime I feel I'm getting too comfortable with mediocrity. I don't know but this movie has changed me as person. I saw this movie for the first time when I was 16. Didn't thought much of it then. Cut forward to the time when I'm re-watching in my freshman year of college feeling miserable about my life. Really got me up all night rethinking about the wonderful privelages i have in my life. Really a true gem!

n side note i fuckin love doris day man less fuckin gooo








que será,será ❤️",,2023-10-17
2025-10-07,The Apartment,1960,https://boxd.it/bhVroT,5,,"Why the fuck this movie has some of the most thought-provoking dialogues and visual storytelling I’ve seen. I mean, woww!!

 And the ending was just poetic justice, man. 

Can’t recommend this enough.",,2025-10-06
2025-10-07,The Apartment,1960,https://boxd.it/bhVsRH,5,Yes,"The mirror... it’s broken.
Yes, I know. I like it that way. Makes me look the way I feel.

11/10 great time rewatching this gem",,2025-10-31
2025-10-07,Midnight in Paris,2011,https://boxd.it/bhXqIn,5,,"    Man Ray: A man in love with a woman from a different era. I see a photograph!
    Luis Buñuel: I see a film!
    Gil: I see an insurmountable problem!
    Salvador Dalí: I see a rhinoceros!


10/10 loved itt!!",,2025-10-07
2025-10-07,Eternal Sunshine of the Spotless Mind,2004,https://boxd.it/bi07N5,5,,"real shit. 

10/10 worth rewatching 

and yeah too many guys think I'm a concept, or I complete them, or I'm gonna make them alive. But I'm just a fucked-up girl who's lookin' for my own peace of mind; don't assign me yours.

good day stalker :) hope one day ill meet someone whose not boring, untill someday they become boring, see ya!",,2025-10-07
2025-10-07,The Thing,1982,https://boxd.it/bi0gOB,5,Yes,"bro in the ending when they say ""just sit here for a while, see what happens"" is soo fucking cinema!!!!


masterpiece",,2025-02-15
2025-10-07,Ferris Bueller's Day Off,1986,https://boxd.it/biiUtz,5,,"Life moves pretty fast. If you don't stop and look around once in a while, you could miss it

another banger",,2025-10-07
2025-10-08,Magnolia,1999,https://boxd.it/binG6V,3,,it's raining frogssss,,2025-10-07
2025-10-09,Ted 2,2015,https://boxd.it/bj0WAP,5,Yes,"10 years and it still hits the same ✨
10/10",,2025-10-08
2025-10-09,Main Tera Hero,2014,https://boxd.it/bjopo5,3.5,Yes,"i know there is no point of writing this here but here we areee and I will never ever experience thr memory of watching this movie for teg first timee. 3 am me akshat were in vc discussing about crap bollywood rip-offs/flops and ended up watching this entire movie. The inside joke the laughs the over the top comedy I will never forget the experience I had.

Best 3 am watch of 2025. I'll forever cherish this moment.",,2025-10-09
2025-10-26,The Monster of Florence,2025,https://boxd.it/bu4Foz,4.5,,nah they actually cooked with this one!!!,,2025-10-25
2025-10-29,Adventures in Babysitting,1987,https://boxd.it/bwvKZd,,Yes,i can re-watch this for the rest of my life. mann i just love the soundtrack it's soo coooool. I have soo much more to add I will prolly do it later. take care.,,2025-10-29
2025-10-29,"I Love You, Beth Cooper",2009,https://boxd.it/bwza8Z,3.5,,"anyone wants to be ""Rich"" of my life. 

hmu

btw coming of age this movie made me feel soo many different emotions and in a good way ofcourse that it's quite hard to describe but I loved watching very single minute of it. That's the beauty of nostalgia or some idk.",,2023-05-20
2025-10-29,Searching,2018,https://boxd.it/bwBr8B,0.5,,yo mr. editor hit me upp,,2025-10-29
2025-11-02,After Hours,1985,https://boxd.it/bzhsxJ,4.5,,"I was trying to get some sleep, so naturally just decided to put on this movie i had on my watchlist for a very long time. While watching it i genuinely thought to myself “I’m having a really weird dream” but all I was doing was just watching this movie. Watching AfterHours in the after hours just as god intended. CINEEEMAA",,2025-11-02
2025-11-02,Into the Night,1985,https://boxd.it/bzol9z,5,,"whoever made this film, made this for me. I dig this shie no cap.

This shit is soo fucking random, the bad guy instantly shoots himself point blank when ed asks him what's wrong with his life.

idk what's with this genre of movie where it's just night and a dude's just confused. Whatever it is, it hits the spot. Had soo much fun watching this. This n After Hours are like long lost bros",,2025-11-02
2025-11-03,Miracle Mile,1988,https://boxd.it/bzU7YH,4.5,,"This is what my dreams feel like lmao. It starts as a quirky 80's romance but soon spirals into a tense anxiety inducing thriller and honestly I loved it. Though I was slightly disappointed with the ending but, you know what, that fine. This one just feels like a dream, loved the depiction of neon-lit LA, one of my favorite aspects of this movie. Cherry on top, Tangerine Dream score. Loved it.",,2025-11-02
2025-11-10,Scarface,1983,https://boxd.it/bEJpQJ,5,,"very accurate title, tony indeed had a scar on his face. 10/10",,2025-11-09
2025-11-10,Heat,1995,https://boxd.it/bEXXk1,4,,such tragic end to a lovely romcom.,,2025-11-10
2025-11-11,The Godfather,1972,https://boxd.it/bFuJFl,5,Yes,"in Sicily, women are more dangerous than shotguns, and sometimes they even blow up. What a masterpiece! 10/10",,2025-11-10
2025-11-11,The Godfather,1972,https://boxd.it/bFwFsr,,,"Short kings keep winning as always :) 

I wish I had even 10% of young Al Pacino’s charisma. man, this guy was something special in his prime.",,2023-02-06
2025-11-15,GoodFellas,1990,https://boxd.it/bIb0NN,5,,"I just want to dearly appreciate the scene where Henry takes his wife to the restaurant. That tracking shot was so good, man. On top of that, the background music was just perfect for the moment. Definitely my favourite scene of this movie. Adding more to that, Henry is one lucky man to have a wife who wakes him up with a gun pointed to my face. That's crazy, where can I find one.  Apart from the good, some parts of movie were just, meh.
Especially the ending and lack of exploration of side charectors. But still I enjoyed watching this. see ya next Saturday with another one.",,2025-11-15
2025-11-15,GoodFellas,1990,https://boxd.it/bIb2DP,,,there weren't a whole lot of good fellas in here sadly.,,2025-11-15
2025-11-16,Inglourious Basterds,2009,https://boxd.it/bIQUmP,5,,this movie is historically inaccurate,,2025-11-15
2025-11-16,Inglourious Basterds,2009,https://boxd.it/bIR07B,,,"you know what, this might just be Tarantino's masterpiece.",,2025-11-15
2025-11-16,The Recruit,2003,https://boxd.it/bIRAC1,0.5,,"Burke invented gaslighting, man wtf?",,2025-11-14
2025-11-16,Pixels,2015,https://boxd.it/bIRG0d,2.5,,"Don't get me wrong, but fuck you Teodor",,2023-05-18
2025-11-16,Se7en,1995,https://boxd.it/bIV2V7,3.5,,first time saw mr. Freeman laughing this hard.,,2025-11-16
2025-11-21,One Battle After Another,2025,https://boxd.it/bMjcdT,5,,"Well, i just wanna say, me n pta both are fucking sick man. First watch experience was truly goated especially me being super sick and bedridden.Shame i didn't watched this in a theatre instead, I watched this masterpiece lying half dead on my bed. Regardless, was completely worth it. PTA u a Motherfuckin' g. Especially the scene where camera locks on to car frame when willa is finally free. The attention to detail is just over the roof. Definitely the best movie to come out this year.",,2025-11-20
2025-11-23,The Menu,2022,https://boxd.it/bNwE6r,0.5,,malding chef vs a literal <i><b>cheeseburger</b></i>,,2023-08-12
2025-11-23,Stargate,1994,https://boxd.it/bNFq9J,1.5,,"They used fucking Papyrus in the intro credits.

 They definitely know ball.",,2025-11-22
2025-11-23,Sorcerer,1977,https://boxd.it/bNH2T3,4.5,,"Thank God I have no idea how to drive a truck.
Jokes apart, such beautiful storytelling. Truly about control over one's fate. Each one was running from their fate but was ultimately pulled back to it. I love the title ""Sorcerer"" which, while he was an evil wizard, here the evil wizard was actually fate. It goes into something deep, like do we even have control over our own fate. I loved the ending so much where *spoilers* :)",,2025-11-22
2025-11-23,Pulp Fiction,1994,https://boxd.it/bNLQw7,,Yes,i love you maria de medeiros,,2025-11-23
2025-11-23,The Girl Next Door,2004,https://boxd.it/bNNMCJ,3,,"Nahh man this movie didn't hot the spot, call it bad writing or sloppy acting but it just didn't hit the spot.

 Anyways this movie reminds me of the song Lachak by Bhaskar which came quite recently, im flabbergasted how well these two media go hand in hand.",,2022-06-16
2025-11-26,The Perks of Being a Wallflower,2012,https://boxd.it/bQ2W8R,2.5,,"Enjoyed it at times but tbh it was defo not my type. very predictable and soul-less at times. But I did find a good quote from this one-<blockquote>we accept the love we think we deserve.</blockquote>Maybe it has something to do with this genre. I hate this feeling, the one I had while watching it.
This movie does made me realise a thing or two about myself and it got me thinking about it for a couple of hours. So as an ultimate act of bravery and hope that no one will read this I will put this in public so please do not, yes do not read what's below. Bye. Leave. Thx. So you've decide to stick so if you know me and see me irl never ever mention this, I'll go a lil bit off topic here, I felt something i don't actually feel. Maybe that's why I felt bad, honestly idk. Again apologies for over-sharing so bear with me, I had no friends in hs and barely anyone to talk to in my college but I still believe im not doing pretty fine because I have myself (copium) i know it gets pretty isolating at times but guess what, you've gotta deal with it. I wish I had a super cool friend but safe to say I feel like I am the problem, there truly is no one to whom I can open up, or share how's my day going, how's my life going, how's the counter strike major going, i truly feel alone but all I gotta do it's cope with it. I hope someday it'll get better. Untill next time, seeya :)",,2025-11-25
2025-11-26,Y Tu Mamá También,2001,https://boxd.it/bQ7VUl,4.5,,"What a masterpiece.
I just don’t have much to say because the ending had me feeling numb. I wonder how it somehow left me feeling soo hollow afterward. This movie was on my watchlist for soo long but I think I've picked just the right day to finally watch it. Such a beautiful storytelling especially how towards the end they both opened up to each other and accepted themselves. And not to mention when the narrator said-<blockquote>""They will never meet again.""</blockquote>
Wow.  Absolute cinema.",,2025-11-26
2025-11-29,Sleepless in Seattle,1993,https://boxd.it/bSkjJD,5,,"What a beautiful take on grieve, loneliness and fate. and yes I felt very good watching this.

anddd btw this movie reminds me of Every Breath You Take, you know the song by The Police! Such a lovely comfort movie it is. Will re-watch it again again for sure. Bye.",,2025-11-29
2025-11-30,When Harry Met Sally...,1989,https://boxd.it/bSm47j,5,,"The fact that she hated him the entire time but he keep on saying things that just makes her forget why she even hated him at the first place.

What in 4d chess is this movie, huh?",,2025-11-29
2025-11-30,Nick and Norah's Infinite Playlist,2008,https://boxd.it/bSAZxh,4.5,,"The world being broken. Maybe it isn't that we're supposed to find the pieces and put them back together.

Maybe we're the pieces

I fw this movie heavyyy and i yeah, since this movie is about music, hmu <a href=""https://open.spotify.com/user/a8al1zw8j5yx7z9t5izqd2ctf"">here.</a> Okk so little confession time, I really wasnt feeling great lately but finally can say that for a while i felt very good watching this. Have a good day :)",,2025-11-30
2025-11-30,You've Got Mail,1998,https://boxd.it/bT3qrV,5,,"Truth be told, Meg Ryan And Tom Hanks are a legendary duo on godddd",,2025-11-30
2025-11-30,Neon Genesis Evangelion: The End of Evangelion,1997,https://boxd.it/bT5U7l,5,,MASTERPIECE.,,2025-05-29
2025-12-01,The Graduate,1967,https://boxd.it/bT82Xt,1.5,,"soundtrack really was the only saving grace because boy oh boy finally i saw someone act just as strange as i am in real life. Feels like he is having anxiety attack or some every 10 seconds. But well, the ending was super cool. So yeah that's wassup.",,2025-11-30
2025-12-02,Tall Dark and Handsome,2023,https://boxd.it/bUqDTX,5,,my god they cooked with this one,,2025-08-07
2025-12-14,The Worst Person in the World,2021,https://boxd.it/c1WNen,5,,"this movie was in my watchlist so for soo long and man, id be lying if I said it was not worth it. I waited for my exam to be over just to watch this movie and the moment I reached home I put this on. It had me soo absorbed in the story that somewhere along the 40 min mark I had sharp pain in my chest, so much so it was hard to breathe for me but still kept on watching the movie, I don't know why I added this useless detail like it has nothing to do with the movie but man, the ending,,, it actually made me sad like come on it's such a masterful storytelling. Loved watching every single minute of this.",,2025-12-13
2025-12-14,Casablanca,1942,https://boxd.it/c2F7IP,5,,"This movie was just sooo mesmerizing. There is something about classic films that feels sooo soothing, and dont get me started about the ending of this one! It was particularly moving the way he decided to leave her. Loved it!",,2025-12-14
2025-12-14,Wake Up Dead Man,2025,https://boxd.it/c2IMRz,4.5,,"I'm pretty sure I will never forget this movie. From the narrative to storytelling to lighting and cinematography, everything was super well cut out and makes me feel so happy watching it for the first time. When it ended, it had me like wow, what did I just watch, and trust me, I said it not in a bad way.

Lets start with the cinematography part, the use of the sun as a lighting source is genuinely stunning. Three scenes are etched in my mind:

First, the forest confession scene. Father Jude becomes so consumed with solving the mystery and with material concerns that he loses sight of his true purpose as a priest. The phone call with Louise pulls him back onto the path of bringing people together. The scene itself with the tonal shift was soo powerful. It has to be  my favorite scene in the entire franchise!!!

Second, the scene where the detective stops the father from doing the false confession by playing the organ. It is such a small moment, but incredibly cool. <a href=""https://x.com/i/status/2000292889537261846"">this right here</a>

Third, scene where the warmth and light slowly drain from the space as Blanc explains why he is not a believer. Watching the glow fade while faith is questioned was just ""absolute cinema"". oof i can keep writing all night long.

But yeah soo much to say, too little time in our hands. Holy smoke, this movie was a banger. Daniel Craig is such a g.

Also, the detail that there are two different shots depending on which version of the story Martha is telling is incredible. Rian Johnson you fucin' genius. And the way sunlight subtly changes during interior scenes was soo clever like the moment u notice it just feels soo surreal.

There is so much more to talk about, but yeah. This was such a good watch. Oh my god im flabbergasted. Btw writing this review during map break of StarLadder Budapest Major. I just hope VITA win guys 

edit: vita won 3-1 less goo bby

stay safe!",,2025-12-14
2025-12-15,Glass Onion,2022,https://boxd.it/c2Qy3h,3.5,,"Such a badass movie, on God. Especially the ending, when the alarm goes “don’t smoke cigarettes” or something along the words and Blanc lights one anyway. Again i have soo much to talk but i dont think it worth typing here. If you are having second thoughts about watching this pls for the love of god, pls do it!!!

By the way, this movie had him playing among us, sitting hunched over, just being in a bathtub. 

I’m so in love with Rian’s work. On my way to watch all three Knives Out movies in a single day lol. Wish me luck.",,2025-12-14
2025-12-15,Knives Out,2019,https://boxd.it/c32nsz,4.5,,what an amazing movie diffidently the best of the franchise. literally finished watching this in between maps of the Budapest Major(i hope vita win) and boy i was soo absorbed kinda forgot faze lost dust2 3-13. my lord Daniel Craig is a such a g.,,2025-12-14
2025-12-15,When Harry Met Sally...,1989,https://boxd.it/c3CqSn,,Yes,"rest in peace, Rob Reiner. you'll always have a special place in my heart.",,2025-12-15
2025-12-16,Bugonia,2025,https://boxd.it/c3XcxR,3.5,,me n broski one fine saturday night,,2025-12-16
2025-12-16,Cars,2006,https://boxd.it/c4ttj7,,Yes,i miss being 14 and carefree,,2025-12-15
2025-12-16,Cars 3,2017,https://boxd.it/c4tNmb,,Yes,"such a fitting end to the franchise, I really miss the version of myself when I first watched this movie. Brings back soo many memories 

♥️♥️♥️",,2025-12-16
2025-12-17,The Apartment,1960,https://boxd.it/c4LWFR,,Yes,"hey lady why is your mirror broken?

makes me look the way I feel.

holy fuck.",,2025-12-16
2025-12-17,American Graffiti,1973,https://boxd.it/c4OrIh,,Yes,"it doesn't make sense to leave home to look for home, to give up a life to find a new life, to say goodbye to friends you love just to find new friends

will you please shut up for once, Laurie",,2025-12-16
2025-12-17,Notting Hill,1999,https://boxd.it/c5mK6T,5,,"I do not believe in such a madeup concept as of love, and I just simply dont believe it exists. But this movie made me question my belief. How can two people with two completely different worlds meet under such fanciful circumstances? Notting Hill is pure art. It's beauty in the struggle, ugliness in the success. Possibly, I will add it to my comfort movie list, because I kid you not, it felt very, very soothing watching this.

I was really procrastinating on watching this movie for so long prolly over a month, but today I decided why not let’s watch this bright and early in this lovely winter morning. Well, I did just that, and now I consider it a big mistake, because I cannot think of anything else. That's what this movie has been for me.

Also here is a absolute kino dialogue from this movie atleast:

<b>William</b>: I live in Notting Hill. You live in Beverly Hills. Everyone in the world knows who you are, my mother has trouble remembering my name.

<b>Anna</b>: I'm also just a girl, standing in front of a boy, asking him to love her.

And when spike says, I knew a girl at school called Pandora. Never got to see her box, though.

Oh boyy

Side note: this movie has a When Harry Met Sally reference about Meg Ryan having an orgasm whenever you took <a href=""http://youtu.be/J_lEs4FYkhs?si=MH_bUDGKOekUUlI9"">her to coffee</a>. It quietly reminded me of Mr. Reiner's masterpiece now that he is no longer with us I became sad for a while. But that is what life is.. Thank you Mr.Reiner for your works.

The Beautiful Simplicity of Love in Notting Hill! That is super hard to capture, and they really did a great job doing so. I really loved it, per se.",,2025-12-17
2025-12-17,Sleepless in Seattle,1993,https://boxd.it/c5qcch,,Yes,"I love you Nora Ephron, and yes i mean it,

I love you for giving me two of the purest romcoms ever made: Sleepless in Seattle and You’ve Got Mail. 

What I figured out was love is not a truth nor a promise, its something that happens when people hesitate long enough, to notice each other.

Also Love is not destiny, but as a momentary alignment, accidental, and real only while it lasts.

I love you. Regard
me",,2025-12-17
2025-12-17,Adventures in Babysitting,1987,https://boxd.it/c5qSOn,,Yes,"I really wanted to write this for a long time, so here goes nothing:

<b>Adventures in Babysitting</b> <i>1987</i> directed by Chris Colombus is by far one of my favorite movies, It presents chaos as a shortcut to maturity. It gives me a solid glimpse of one single night filled with danger and improv, yet optimism! somehow it feels oddly comforting.

Allowing fear to exist without ethical weight is such an interesting concept used here, and is partly the reason the film make me feel this way. It also captures the emotional truth of growing up and not being 17 anymore as a feeling of being hurled forward by forces we cannot control, such is life. While quietly avoiding the more unsettling reality that growth is rarely bestowed by chaos itself.

Now time to talk about my favorite character, Chris!

I loved the character arc of Chris. She does not begin the night as a hero. But she becomes hyper-competent under pressure. As the night worsens, she grows decisive, fearless, and morally centered. As events unfold, Chris’s emotional center shifts. By the end, she stops measuring herself through romantic approval and begins acting from internal conviction. We can clearly observe, this marks a movement from external validation to a much more grounded agency. She realizes that love is no longer something that defines her worth.

She returns home unchanged on the surface. The same house, the same job, the same social position. But the night has quietly reorganized her inner hierarchy of values. Her boyfriend’s rejection no longer defines her emotional center. What mattered was not being chosen, but choosing correctly under pressure. The film affirms that dignity can emerge without romantic validation. Chris carries something others cannot see: proof that she can act decisively, protect others, and remain humane inside fear.

Chicago is portrayed as overwhelming but not nihilistic, a city that rewards awareness rather than innocence which makes it much more human, philosophically.

For me, the film is about trust in momentum. There is no ethical discomfort. It treats the city as an external test rather than a human-made structure. The film understands night- time as a liminal space where ordinary rules dissolve and identity becomes fluid.

The ending restores everyone's normal life without forgetting the experiences they have had. The night matters. Even if it leaves no visible scars. This strongly affirms that not all meaningful experiences need permanent markers. :)

Some truths are internal and carried forward quietly. 

That's enough Mr.West now go back to your stupid chungus life!
:) also i used a bit of ai writing this to correct a few oopsie so dont mind me being as cs major.
regards,
me ofc!",,2025-12-17
2025-12-18,Frances Ha,2012,https://boxd.it/c5Gd3n,4.5,,this movie is a warm hug,,2025-12-17
2025-12-18,Now You See Me: Now You Don't,2025,https://boxd.it/c5JLZL,3.5,,"there is a guy named Charlie and guess what his signature trick is, catching bullets. also the look atlas, here's your dad joke while pointing to a map was really funny for some reason. i know I know i'm just pathetic:)

jokes aside, amazing i loved it and I'm really looking forward to the next installment. Take care",,2025-12-18
2025-12-18,Amélie,2001,https://boxd.it/c5N51x,5,,perfect comfort movie doesn't exsists,,2025-12-18
2025-12-18,Chungking Express,1994,https://boxd.it/c5TzAz,4.5,,"if this isn't art, I don't know what is.",,2025-12-18
2025-12-19,Punk Love,2006,https://boxd.it/c6EN5J,0.5,,"was trying to watch <b>Fallen Angels</b> and some retard on the internet decided to uploaded this on a pirated website under the name Fallen Angels, and guess what, I ended up watching this thinking this was the actual Fallen Angels. I'm not sure to be mad or just kill myself. but yeah whatever man, the cinematography was really cool.",,2025-12-19
2025-12-19,Fallen Angels,1995,https://boxd.it/c6JAbp,5,,"This stuff is a visual love letter.

The shades of sickly greens, deep blues, and harsh neon fracture reality, and that's how you make a masterpiece.

A R T.",,2025-12-19
2025-12-19,How the Grinch Stole Christmas,2000,https://boxd.it/c7fTBP,,,"Hate, hate, hate. 
Hate, hate, hate. 
Double THE HATE. 
Loathe entirely!

Jim Carrey My GOAT!!!!!",,2025-12-19
2025-12-20,Mulholland Drive,2001,https://boxd.it/c7jm2Z,4,,WHAT THE FUCK?!?!??,,2025-12-19
2025-12-20,The Night Before,2015,https://boxd.it/c7y1x3,3.5,,"<blockquote>Are you jewish? It's that why you look soo different?</blockquote><blockquote>What's that come again??</blockquote><blockquote>You just look funny.</blockquote><blockquote>I look funny? Have you <a href=""https://www.tumblr.com/freshmoviequotes/139007809493/the-night-before-2015"">ever</a> seen The Shining?</blockquote>
my god this is one of the funniest Christmas movie I've seen lately. 10/10 re-watch material",,2025-12-20
2025-12-21,Dhurandhar,2025,https://boxd.it/c9gNjP,,Yes,"pardon my fucking french, but mai 6 saal baad theatre gya tha koi film dekhne aur who bhi morning show delhi ki december wali thand me, and now,, all I have to say is
I WANT TO KMS
why tf I watched it again.

You know what Kendrick was right, FUCK PEER PRESSURE 
FUCK MY CHUNGUS LIFE
and yeah KIDS PLS DO DRUGS or some shie, just don't be boring like me get a life, trust me I'm not fun at parties. 

Peace.",,2025-12-21
2025-12-22,The Neighbors' Window,2019,https://boxd.it/c9BIHf,5,,voyeurism heals,,2025-12-21
2025-12-25,Eyes Wide Shut,1999,https://boxd.it/cd3JRX,4,,please come forward,,2025-12-24
2025-12-25,My Night at Maud's,1969,https://boxd.it/cdHbcV,5,Yes,"CHRISTMAS 2025, i really really want to kms soo badd like I'm soo done bro i cant comprehend how shit my life is and how good this movie is",,2025-12-25
2025-12-25,ted,2024,https://boxd.it/cdL6xH,,Yes,in love with the christmas episode ♥️,,2025-12-25
2025-12-25,Home Alone,1990,https://boxd.it/cdQFCx,,Yes,"watching home alone, h̶o̶m̶e̶ alone",,2025-12-25
2025-12-25,Home Alone 2: Lost in New York,1992,https://boxd.it/cdQQ5p,,Yes,the most perfect sequel if there ever was,,2025-12-25
2025-12-27,A Girl Walks Home Alone at Night,2014,https://boxd.it/cfbN37,5,,"me, my kitty n my vampire gf VS THE WORLD.",,2025-12-26
2025-12-27,Tough Guys,1986,https://boxd.it/cfikOn,2.5,,"so i got this book (which this movie was based on, or the other way around who cares) from a flea market about 2 years ago, but ended up never reading it.

but today was the day i finally decided to read this, and just trust me on this, it was the best 25₹ I've spent (yup just 25). pls don't ask me where I get my books from thsu cheap lol I would like to gatekeep this info.",,2025-12-26
2025-12-27,Portrait of a Lady on Fire,2019,https://boxd.it/cfqF63,4.5,,page 28,,2025-12-27
2025-12-27,The Godfather Part II,1974,https://boxd.it/cgbRgj,4.5,,wowzers.,,2025-12-27
2025-12-27,The Godfather Part III,1990,https://boxd.it/cgbRPD,3.5,,my goat fell off (da chair),,2025-12-27
2025-12-28,Honey Don't!,2025,https://boxd.it/cgmxMh,1,,honey pls don't watch this!,,2025-12-27
2025-12-29,Plus One,2019,https://boxd.it/chYEhZ,4,,"literally THE perfect comfort movie. The chemistry, the nuances, the intricacies, the ending. I love this movie soo much.  btw f y u, I have endems in 4 hours and it's 3 in the morning. I just don't know what I am doing and I also don't give a shit. Wo-hooo ho crazy bozo",,2025-12-29
2025-12-31,Sentimental Value,2025,https://boxd.it/clbLaf,5,,"oh my god why is this movie soo good 😭😭😭😭😭😭😭😭😭😭😭😭😭😭😭😭😭😭😭😭😭😭😭😭😭😭😭😭😭😭

i swear I have never got this introspective about my life, this shit just straight up tore my conscience. i have no words to describe what I am feeling right now. Masterpiece.",,2025-12-31
2025-12-31,Sleepless in Seattle,1993,https://boxd.it/cld2iH,5,Yes,"Jumped straight to this after watching Sentimental Values. just wanna thank Nora Ephron for making a piece art that I hold soo dear to my heart and i can truely say that its my safe space. :)

And adding to that, Rob Riener had such a heart touching cameo in this one, i just can't be grateful enough for this movie.

Plus, one dialogue that really stuck with me was this right here:

Doctor Yapper: Sam, tell me what was so special about your wife.

Sam: Well, how long is your program? Oh, well, it was a million tiny little things that, when you added them all up, they... they just meant we were supposed to be together. And I knew it, I knew it the very first time I touched her. It was like coming home, only to no home I'd ever known. I was just taking her hand to help her out of a car. And I knew it. It was like... magic.

Absolute Cinema. ♥️",,2025-12-31
2026-01-15,People We Meet on Vacation,2026,https://boxd.it/cDnq8X,1,,"What in Linfield, Ohio propaganda is ts?? 

Exceptionally poor writing smh",,2026-01-14
2026-01-17,Brick,2005,https://boxd.it/cG75Xv,4.5,,this some art shie.,,2026-01-17
2026-01-24,Kyo Kii... Main Jhuth Nahin Bolta,2001,https://boxd.it/cNmbun,3.5,,"Liar Liar meets Better Call Saul meets Govinda. 

W Saturday Afternoon pick.",,2026-01-24
2026-01-24,Chocolate: Deep Dark Secrets,2005,https://boxd.it/cNoncp,1,,mujhe <i>The Usual Suspects</i> phle dekh leni chahiye thi kyuki yeh itni buri remake hai on godddd it robbed me of one of the craziest plot twist 😭😭🥀🥀,,2026-01-24
2026-01-25,12 Angry Men,1957,https://boxd.it/cNwvfx,5,,MASTERPIECE,,2026-01-24
2026-01-25,Ek Ruka Hua Faisla,1986,https://boxd.it/cNxfmf,4.5,,"actually enjoyed watching this, but surely its  not as good as the original one and im not even complaining

i dearly respect mr. basu as its a super ambitious idea to remake this in an Indian setting and still nailing it and staying true to the original plot.",,2026-01-24
2026-01-25,Kuch Kuch Hota Hai,1998,https://boxd.it/cNGU79,,,"This masterpiece is essentially the hindi version of Sleepless in Seattle.

isn't this the coolest thing ever!!! <a href=""https://dontcallitbollywood.com/2021/02/07/valentines-90s-week-of-romance-sleepless-in-seattle-and-kuch-kuch-hota-hai-the-same-story-told-different/"">special thanks to this article that made me realize this!!</a> 

I’m an absolute sucker for good Hindi remakes of Western movies, and this one is a really cool adaptation of Nora Ephron’s work! Btw meri mummy ko bhot psnd hai y movie ♥️ miss u mum ♥️",,2026-01-24
2026-01-25,Desi Boyz,2011,https://boxd.it/cNLkOV,,Yes,"Subha 😜<b> </b>hone ☀️🌻 na de 🧑‍🎄👩‍🎤
Saath 😧 khone 🚶naa de 🧔👩‍🎤
Ek doosre 🫣<b> </b>ko 🌆 hum sone na de 🎧👀 
Tu mera hero 🔥🔥(O ✊🙅 o o….) 
Tu mera hero 👅👅(O 💰 o ✊🙅 o….) 

Main tera hero (O 🛬 o ✊🙅 o💔….) 
Tu mera hero  (O ✊🙅 o 💔o….) 

Sun lo 👀👀 zara 😤 ameero 
Banda mein rab da 😩🏽 
Main friend 🎈sab da 😏 
Dekhe 💔duniyaa ke 🔛 kone 
Bas hum dono hi 🙋👋 sone 
Kudiyon 🎁 mein apne 😋 charche 
Hum pe karti hai kharche 
Life 😤✌ ne aisa dhoya😜
Main jaan bacha ke 🤢 soya 
Sooraj se maine 👩‍🎤bola 
Yeh bola bola🔥 Subah hone 😂😂 na deeeeeeeeeeeee👅👅

Main tera hero (O 💰 o ✊🙅 o….) 
Tu mera hero  (O ✊🙅 o o….)",,2026-01-24
2026-01-25,Jaane Tu... Ya Jaane Na,2008,https://boxd.it/cNQPnh,,,"dis dat og lucifer <a href=""https://open.spotify.com/track/3aA7iecYCRNQ3qd2WJT9QJ?si=vhqPngg6T9WQRp7lRYliqw"">reference</a> 🐐

btw this masterpiece is literally <i>WHEN HARRY MET SALLY</i> but indian",,2026-01-25
2026-01-25,Blue Velvet,1986,https://boxd.it/cOsDFz,5,,<i><b>ear-</b>ie</i>,,2026-01-25
2026-01-25,Boogie Nights,1997,https://boxd.it/cOxyvp,3.5,,my goat <i><b>PTA</b></i> made this at the age of 26 btw 🐐,,2026-01-25
2026-01-26,Inception,2010,https://boxd.it/cPiPg1,,Yes,timeless classic,,2026-01-26
2026-01-27,Action Replayy,2010,https://boxd.it/cQb6M7,,,<i>wowzers</i>,,2026-01-26
2026-01-27,Namastey London,2007,https://boxd.it/cQcyOn,,,top 10 times katrina wasnt acting,,2026-01-26
2026-01-27,Andaz Apna Apna,1994,https://boxd.it/cQjC0b,,,CRIME MASTER GOGO 🔥🔥🔥🔥,,2026-01-26
2026-01-27,Haseena Maan Jaayegi,1999,https://boxd.it/cQnMRd,,,"ladies and gents, presenting to you... vincent and jules from pulp fiction but actually they are just sanjay dutt and govindra having the time of their lives.",,2026-01-28
2026-01-28,Mujhse Shaadi Karogi,2004,https://boxd.it/cRnw8v,,,kapil dev n harbhajan singh cameooo!! ain't no wayy😋🤤,,2026-01-27
2026-01-28,Dream Girl,1977,https://boxd.it/cRoiwP,,,"Kahin To Milegi, Kabhi To Milegi,

Aaj Nahin To Kal, Dream Girl...",,2026-01-27
2026-01-28,Partner,2007,https://boxd.it/cRr72Z,,,"chota don top 2 villain of all time, first being my dear gogo ofcourse ♥️🫣",,2026-01-28
2026-01-31,Mulholland Drive,2001,https://boxd.it/cUPFeP,5,Yes,WHAT THE FUCK?!?!? THIS IS A MASTERPIECE!!!!,,2026-01-31
2026-01-31,Magnolia,1999,https://boxd.it/cUS9Pv,5,Yes,"beautiful movie. 

everything is absurdly beautiful.

but, HOW CAN EVERYTHING BE BEAUTIFUL?

IS IT BECAUSE BEAUTY LIES IN THE EYE OF BEHOLDER, OR BECAUSE ITS SUBJECTIVE??

the opening, the ending the characters, the dilemma they face, the melancholy, the guilt, the self loathing, the trauma, the outcomes, everything.  everything is beautiful Tis is the most overwhelmed i am in a while writing this. the script is soo goood man, reallly make u really open  ur eyes to whole lotta new stuff!! down to the last possible details this lands.needless to say, pta nailed this one. masterpiece.

<a href=""https://shiiiivanshsingh.github.io/magnolia-weather/"">i actually made something inspired by.</a>

also massive congo 4 the oscars mr.pta! it did happened!!!!!",,2026-01-31
2026-02-09,Superman,2025,https://boxd.it/d2XwU1,1.5,,"are we deadass??? this is soo mid

poster pretty cool thou",,2026-02-08
2026-02-09,I'm Still Here,2024,https://boxd.it/d34kvx,5,,"Absolute gut punch of a film. had me in verge of tears for the most of it, very well knowing how will it end. truely moving piece of media.",,2026-02-09
2026-02-14,Marty Supreme,2025,https://boxd.it/d7zTzn,1.5,,"an absolute shit-show of a movie. The only possibly praiseworthy part of this movie was the initial 30 minutes, because the rest of the movie was just unwatchable,boring selfcontradicting bullshit.

Let's talk about the story first. The story was all over place. Don't get me wrong, but looking back, why would it be this way? The side characters do had a lot of potential but guess what? The subplot is not even noteworthy. Whole bunch of dog chasing and spanking (literally). Now the ENDING. There were essentially no stakes in the ending. What did he achieve? Winning in an exhibition match??? Proving to a crowd that the self proclaimed greatest of ping pong won against a nonchalant Japanese undergod after getting whopped on the world stage? What even is the point of this movie? The ending felt artificial. I was hyped up for nothing, glad I didn't go to the theater to watch this. If adding good songs in the opening and closing creds would've made a movie great it would've already been the greatest fucking movie of all time.

I kid u guys not, I wasted 2½ hours of valentine's afternoon on this? Nah man I feel robbed even pirating this.

A piece of overhyped, overmarketed trash.",,2026-02-14
2026-02-22,Little Miss Sunshine,2006,https://boxd.it/dfvTAT,4,,family just as Nietzsche would've liked.,,2026-02-22
2026-02-22,Superbad,2007,https://boxd.it/dfCGUv,4.5,Yes,the bad cops subplot was crazyyy good,,2026-02-22
2026-02-22,10 Things I Hate About You,1999,https://boxd.it/dfFEdF,4.5,,"A rom-com where people have actually good personalities and a subplot that's not boring?? Woww. Why tf they don't make shit like this anymore, and don't get me started on Heath fuckin' Ledger, my mann he goated. 10/10 performance.

and the poem at the end :) sweet sweet movie",,2026-02-22
2026-03-08,A Girl Walks Home Alone at Night,2014,https://boxd.it/dqDCJT,5,Yes,#WOMEN'S DAY REWATCH,,2026-03-08
2026-03-18,Submarine,2010,https://boxd.it/dz1qW7,3.5,,"Amelie, but you're a young welsh bloke :)",,2026-03-17
2026-03-19,Tees Maar Khan,2010,https://boxd.it/dzF4jx,4,Yes,"rewatched this years later with shisht and shauryan on a random wednesday afternoon, skipping college exams while playin FIFA. Well honestly that's a core memory n half if you ask me.",,2026-03-18
2026-03-23,It's Entertainment,2014,https://boxd.it/dDeooJ,4,Yes,banger writing,,2026-03-22
2026-03-25,Harold and Maude,1971,https://boxd.it/dFSPML,4.5,,"hey maude, do you pray
no, i communicate
with god?
no, with life 

great afternoon pick :)",,2026-03-25
2026-03-26,The Daytrippers,1996,https://boxd.it/dFTgcZ,4,,"10 minutes in and I knew this is gonna be funn!  Ending was kinda mid thou, lacks character but somewhat a fun watch

Can wrap my head around the fact how it's the same guy who directed <i>Superbad</i> and how well he managed to capture the vibes of NYC here. Lovely art direction ✨",,2026-03-25
2026-03-26,Licorice Pizza,2021,https://boxd.it/dG6C9J,1,,"slow as fuck, story not even that good

a rare PTA miss :/",,2026-03-25
2026-03-26,Fish Tank,2009,https://boxd.it/dG7QeP,1.5,,"appreciate the creative direction, but shit movie. Felt like a 2-hour-long headache.",,2026-03-25
2026-03-29,Petite Maman,2021,https://boxd.it/dIxQyb,5,,"Oh my heavens, I think this is it. This is the movie I’ve been looking for all my life. A perfect depiction of incurable sadness, guilt, and coping.

So now it’s time for a long review, because I don’t bother writing one unless i have that gut feeling that it will truly be worth it. So, here goes nothing:

To start off, it’s a beautiful film. Again great  emphasis on the word beautiful. Everything about it feels magical, from the direction and setting to the atmosphere and lighting. I can’t really put into words exactly how I felt after watching it because it’s simply overwhelming, especially the scene where the ending revelation happens and how they both act toward each other.

The whole plot could just be a dream, but even if it is, it’s the most beautiful dream she will ever have. It’s such a simple story on the surface, but underneath it carries this deep, almost unspoken understanding of grief, memory, and childhood.

I don’t think it tries to overwhelm me, but somehow it still did. I was holding my emotions back. I just wish it lasted longer. Céline Sciamma is so, so good at this kind of tender, soft storytelling with that quiet, meditative pacing. It doesn’t feel like a typical magical story at all, more like a memory or a dream you’re slowly remembering. A kind of fairytale where even the most fantastical parts feel familiar, like small, sweet quirks of childhood.

I don’t think I’ve ever smiled this much while watching a film. It feels like a warm hug hidden inside a movie.

And that line, “you didn’t invent my sadness”, like how could you even come up with something sooo deep like this. Its like a dagger through my fucking heart. 

This shit straight up melted my heart, but not in a simple way, made me question what it really means to say sorry, goodbye, and “it’s okay.” ???
Céline made tenderness feel precise, where comfort exists alongside something unresolved and what a perfect execution by the cast. Hats Off!

Honestly, big fan of whatever the french are doing with cinema.

- love, shivansh


",,2026-03-28
2026-03-29,Punch-Drunk Love,2002,https://boxd.it/dIEi6B,4.5,,"A beautiful film. The way it captures human emotion is genuinely astonishing.

Watching Adam Sandler cry is such a humbling experience. 

Talking about the experience, isn’t this movie a goddamn fever dream? 

Like everything feels like it’s on the verge of exploding and the world is about to collapse, and then it doesn’t. Anddd, then you get that same feeling again, and still nothing happens. 

And can i just appreciate the cool as fuck fight sequence, it was sooo fucking gas dude, even the background score went crazyy! banger

Absolutely loved this one. Great job, Mr. PTA :)",,2026-03-29
2026-03-30,Dhurandhar The Revenge,2026,https://boxd.it/dJpejb,,,"350₹ me 235 minutes, paiso me aag hi lga rha bss🔥",,2026-03-29
2026-04-01,Two People Exchanging Saliva,2024,https://boxd.it/dLB8VP,4,Yes,c'est de l'art!!!!,,2026-03-31
2026-04-03,Ghost Rider,2007,https://boxd.it/dNg7XB,,Yes,helll yeah!!!!,,2026-04-02
2026-04-03,Ghost Rider: Spirit of Vengeance,2011,https://boxd.it/dNXckl,,Yes,hell yeah 2!!!!!!,,2026-04-03
2026-04-04,"Synecdoche, New York",2008,https://boxd.it/dO23Af,5,,"masterpiece. the whole plot is soo well written soo much so i can’t even process it even after rewatching it. My biggest fear is someday i will rewatch this movie and i will relate to it. untill then, seeya!",,2026-04-03
2026-04-07,Adventures in Babysitting,1987,https://boxd.it/dRyba1,5,Yes,Amazing!!!,,2026-04-06
2026-04-11,Aftersun,2022,https://boxd.it/dUZEqX,5,,holy shit man 😭😭😭😭😭,,2026-04-11
2026-04-17,La Haine,1995,https://boxd.it/dZTqDr,4.5,,fuckin' hell,,2026-04-16
2026-04-17,Jumbo,2020,https://boxd.it/e04dLT,0.5,,"Based on true incidents, DUDE WHAT THE FUCK??",,2026-04-17
2026-04-18,Tu Yaa Main,2026,https://boxd.it/e0ExAD,2,,"didn’t expect it to be this fun, but it genuinely exceeded my expectations.",,2026-04-17
2026-04-18,Do Deewane Seher Mein,2026,https://boxd.it/e0IaMT,2,,mai bhi <i>sh</i> koo <i>sa</i> bolta hu sasank bhai,,2026-04-17
2026-04-18,Little Things,2025,https://boxd.it/e0LzFp,4.5,,"brutal gut punch and an emotional rollercoaster, legit my heart sank while she was narrating the story of 2 brothers, such a gem :)",,2026-04-17
2026-04-19,Miracle Mile,1988,https://boxd.it/e1Dc2x,,Yes,"tangerine dream @ 4 am in da night,  HELL YEAHH

edit: just finished dawn of the dead, now i can see the vision, im blessed",,2026-04-19
2026-04-19,The Sure Thing,1985,https://boxd.it/e1I4Bz,4,,"Amazing movie!! now that I draw some parallels, it's easy to notice that Rob basically tried the “two opposites stuck on a long ride” idea right here, where the whole story is a cross-country trip . Then in When Harry Met Sally., he keeps that same spark but shrinks it to just the opening drive, and lets the real story unfold over years instead. Wow.",,2026-04-19
2026-04-19,The Last Picture Show,1971,https://boxd.it/e1NdaR,4,,beautiful storytelling,,2026-04-19
2026-04-19,Face/Off,1997,https://boxd.it/e2hpeh,4,,"face-off.
face off.

role swap mid way through.

whoever came up with it nailed it, and the execution couldn’t be tighter. Gas.",,2026-04-19
2026-04-24,Say Anything...,1989,https://boxd.it/e5C8qT,4.5,,nahh the ending gave me a panic attack 😭😭,,2026-04-24
2026-04-24,Secret Admirer,1985,https://boxd.it/e5Ef7t,4.5,,Toni is literally me for real for real,,2026-04-24
2026-04-26,Raising Arizona,1987,https://boxd.it/e6SVZf,5,,"sooo cute :)

a perfect movie",,2026-04-25
2026-04-27,The Shining,1980,https://boxd.it/e7Yped,4,,"same fucking hairline at 20, goddamit",,2026-04-26
2026-05-01,Bend It Like Beckham,2002,https://boxd.it/ebwm7t,5,,"wow!!! amazing movie, nahh that ain’t enough, this actually issss perfection!!

the music here is lowkey perfect, top notch selection of music.

that ending clip of the cast laughing and dancing feels sooo alive, like the film itself didn’t want to say goodbye. real sad it ended. :)

10/10 banger

but if she got the RED card in the semis, how is she casually subbed on after halftime in the finals?? yeah sure, straight to Real Madrid with that level of rule-bending meanwhile poor Joe’s stuck playing cricket with her dad lol

also not to mention this gem of a dialogue bw jess and joe:

Jess: She called me a Paki. But I guess that's something you wouldn't understand.
Joe: Jess, I'm Irish.
",,2026-05-01
2026-05-02,Bridget Jones's Diary,2001,https://boxd.it/ebCNsF,2,,pretty cool fight sequence,,2026-05-01
2026-05-02,Project Hail Mary,2026,https://boxd.it/ebNO39,5,,"grace n rocky, the clock bros! 


kbhi samay mila toh ek lambaaa review jaroor likhunga :))",,2026-05-01
2026-05-02,Nowhere,1997,https://boxd.it/ebVJRJ,4.5,,"hi my name is dark, like the absence of light.


ya n the giant lizard guy seemed pretty chill",,2026-05-02
2026-05-04,Friday,1995,https://boxd.it/eeqgO7,5,,watchin this unemployed on a Monday,,2026-05-04
2026-05-05,Next Friday,2000,https://boxd.it/eexp3j,4.5,,"> That's Versace you steppin' on.
> Versace? You can't even spell Versace.
> ""Fo-satchy."" F-O-- satchy.

",,2026-05-04
2026-05-05,Friday After Next,2002,https://boxd.it/eeyYMF,4.5,,worst part is when this ends ☹️,,2026-05-04
2026-05-05,The Matrix Reloaded,2003,https://boxd.it/eeJUeL,4,,holyyy cliff hanger,,2026-05-05
2026-05-05,The Matrix Revolutions,2003,https://boxd.it/eeMxdB,4,,rockin' the agent smith hairline in the big 20s 👏👏,,2026-05-05
2026-05-05,The Drama,2026,https://boxd.it/efcy6j,3.5,,"w art direction
w sound design ",,2026-05-05
2026-05-06,The Florida Project,2017,https://boxd.it/efi5R3,3,,movie version of playing cs2 with 100% vibrance,,2026-05-05
2026-05-15,In the Cut,2003,https://boxd.it/emvi9H,4.5,,"adding another question sera sera cover to the <a href=""https://open.spotify.com/playlist/2wx2z2U5zCyJk3XsActEbb?si=5PtXCHXKTRiKpOjkhckEMg"">list</a>.",,2026-05-15
2026-05-15,The Comfort of Strangers,1990,https://boxd.it/emyonB,,,3 am rn what the hell am I watching??,,2026-05-15
2026-05-17,The Batman,2022,https://boxd.it/eoE5bB,5,Yes,"love it when the penguin genuinely crashes out over EL and LA. Bro deadass started malding, that was fucking hilarious, No habla espanol, fellas? lmao",,2026-05-17
2026-05-18,Uncut Gems,2019,https://boxd.it/eoLpFv,,,WHAT THE ACTUAL FUCK DID I JUST WATCHED???,,2026-05-17
2026-05-18,Good Time,2017,https://boxd.it/eoMYe7,,,this is like having a panic attack for 100 mins str8,,2026-05-17
2026-05-20,Desert Hearts,1985,https://boxd.it/eratwl,,,"watching from the movie <a href=""https://x.com/shivanshs1ngh/status/2057026164322156565"">set</a> lmao",,2026-05-20
2026-05-22,Heat,1995,https://boxd.it/esAHTp,5,Yes,"<a href=""https://x.com/shivanshs1ngh/status/2057765893804089842"">yup</a>.",,2026-05-22
2026-05-23,Lost Highway,1997,https://boxd.it/esFOUp,,,wow mr. lynch u actually are a genius,,2026-05-22
2026-05-23,Tom Clancy's Jack Ryan: Ghost War,2026,https://boxd.it/esJ5hP,2,,straight up slop fuck this shit,,2026-05-22
2026-05-29,Dog Day Afternoon,1975,https://boxd.it/ey7cAn,5,,"<a href=""https://youtu.be/O_SQl8nTWqE"">oh gurlie plsss</a>",,2026-05-29
2026-05-30,Berlin and the Lady with an Ermine,2026,https://boxd.it/eyMGUJ,3.5,,They've officially lost the plot,,2026-05-29
2026-05-30,Me and Earl and the Dying Girl,2015,https://boxd.it/eyQURR,5,,oh my,,2026-05-30
2026-05-30,Iron Lung,2026,https://boxd.it/ezpsn5,3.5,,"whats my nameeeee
<a href = ""https://media4.giphy.com/media/v1.Y2lkPTc5MGI3NjExOXk1c3Z2aDV5dGxzcHdxNzB6ZGoydWU1anY3ZmYyemxjMmhmeHFrMCZlcD12MV9pbnRlcm5hbF9naWZfYnlfaWQmY3Q9Zw/QacbazYunVariLgEif/giphy.gif""> say my nameeeee</a >
",,2026-05-30
2026-05-30,Mortal Kombat II,2026,https://boxd.it/ezqlnp,1.5,,the dialogues are soooo diabolically fucking badd i wanted to end myself midway watching thisssss :(,,2026-05-30
2026-05-31,Stand by Me,1986,https://boxd.it/ezOjg5,5,,"instant 5 stars the moment this <a href = ""https://open.spotify.com/track/39lnzOIUCSNaQmgBHoz7rt?si=fc89b22c3c9e4b1b"">played </a> <a href= ""https://x.com/shivanshs1ngh/status/2060827194897907981""> :) </a>",,2026-05-31
2026-06-01,Riding in Cars with Boys,2001,https://boxd.it/eAGeVv,5,,"Ray: You just gotta remember, you gotta tell'em that you need their help, or else they won't do it. Lord knows, I need all the help I can get, right.

wow what a movie! if youre having second thoughts bout watching this one, just go ahead man its totally worth it :)",,2026-05-31
2026-06-01,Humanist Vampire Seeking Consenting Suicidal Person,2023,https://boxd.it/eAIAYl,4.5,,"<a href=""https://boxd.it/7nZE"">a Humanist Vampire walks home alone at night</a>",,2026-05-31
2026-06-06,Obsession,2025,https://boxd.it/eF91ul,5,,"scary, very very very scary. truely a piece of art.

amazing experience thou, went to an almost  <a href=""https://x.com/shivanshs1ngh/status/2062953466914545970"">theater </a> at midnight to watch this movie.

 jumpscares were soo well done honestly speaking the ambience and lightning in this movie was sooo cool, man i loved this movie. and that car scene was something man, it didn't even clicked me what had happened,


 very unique watch, plus shisht and akshat approve of this one so 10/10 :)",,2026-06-06
2026-06-14,Heathers,1989,https://boxd.it/eM0UDd,,,"new day new <a href = ""https://open.spotify.com/playlist/2wx2z2U5zCyJk3XsActEbb""> discovery </a>",,2026-06-13
2026-06-14,The Lovers on the Bridge,1991,https://boxd.it/eMLALl,5,Yes,essential cinema,,2026-06-14
2026-06-22,Ruby Sparks,2012,https://boxd.it/eTGDm7,5,,this is obsession if bear was a depressed writer,,2026-06-22
2026-06-22,Prisoners,2013,https://boxd.it/eTJgFL,3,,everybody crashin' tf out,,2026-06-22
2026-06-23,There Will Be Blood,2007,https://boxd.it/eUuq8L,4,,what the fuck did i just watched?,,2026-06-23
2026-06-23,Insomnia,2002,https://boxd.it/eUzkVH,,,atleast he gets to sleep in the end,,2026-06-23
2026-06-24,Rosetta,1999,https://boxd.it/eVjssZ,5,,"The moment Rosetta decides to off herself, the cylinder runs empty mid suicide, as if her poverty is laughing at her. Not letting her live as well as not letting her die peacefully.

The image of her hauling a gas bottle through the trailer park with Riquet circling on his bike is the whole film compressed into one shot. 
Then finally she just collapses and Riquet, the same guy she sold out, the only person who was ever decent to her, kills his engine and helps her up. funny thing Dardennes don't explain it.  Maybe she lets him in. Maybe tomorrow she finds another tank. 

The bit where she lies in bed talking to herself, just repeating that she's normal, that she has a job, that everything is fine, is the moment this film became a masterpiece,, here she isnt convincing anyone. she is running a script she wrote for herself because there's nobody else to run it for her.

The film ends on her face, first time she's looked at another person like they're a person and not a threat, and leaves to figure out if that's supposed to be hope or just a pause. 

I love how its filmed on a handheld, strapped to his shoulder so we can see whats its like to be in her head, the effective framing gives the first hand experience and feel. Such a beautiful work

<a href=""https://sh1vansh.substack.com/p/rosetta-1999"">Read More HERE!! </a>",,2026-06-24
2026-06-26,Parasite,2019,https://boxd.it/eWjdk1,1.5,,"shivansh yarr tune parasite ab tk nhi dekhiii!!! its such a good movieeee!!

shut the fuck up",,2026-06-25
2026-06-30,Vertigo,1958,https://boxd.it/f0LN7T,,,this movie isn't about de_vertigo sadly,,2026-06-30
2026-07-03,Incendies,2010,https://boxd.it/f2SzFf,5,,"Made me cry, vomit, feel guilt shame sadness anger disgust empathy all in the same moment. This is what cinema is meant to be. Masterpiece. I would much happily kill myself than ever watching this again. It's been hours but I still feel nauseous. I can never feel the emotion I felt before watching this. I feel like a completely new and terrible version of myself now while writing this. Truly a moving piece of media. after magnolia and aftersun, this will be the movie i will always think of when I'm going to sleep. i can never be the same person i was before, yet I shall continue to exsist. marhaban",,2026-07-02
2026-07-04,Videodrome,1983,https://boxd.it/f3Fq19,,,what the fuck was this about?,,2026-07-03
2026-07-06,Magnolia,1999,https://boxd.it/f5FMmL,5,Yes,"this is soo close to my heart :)
literally the greatest movie ever made.  <a href = ""https://sh1vansh.substack.com/p/magnolia-1999""> i even wrote about this sometimes back</a>. the only word that can describe this movie is eternal. it took me a few re-watches to truly fall in love with it,, but from the very first time i saw it, it quietly settled somewhere inside me and never really left. must-watch for anyone and everyone. This is a good example of how good art challenges its viewers. PEAK PTA

",,2026-07-05
2026-07-06,Blue Velvet,1986,https://boxd.it/f6A5FT,5,Yes,"this is a gem, soo well directed!!!",,2026-07-06
2026-07-07,Blade Runner,1982,https://boxd.it/f6Hoaz,,,what were they on back in '82?,,2026-07-06
2026-07-07,Falcon Lake,2022,https://boxd.it/f6KTUz,5,,"my brother in christ what the fuck was that ending!!!!
oh my fucking god, insane fucking foreshadowing, i dont know what the fuck the french were on but holy shit they delivered, shot in dreamy 16mm, with focus on the smallest details, that is a feast for me eyes mate! ive always had a soft spot for this kind of stories and that strange time when were not really a kid anymore but not quite an adult either,, this film felt like it was made for that part of me cholie's like the older girls  who seemed effortlessly interesting. But there's something different about her. This is literally Aftersun for teens lol type of movie ill make for myself, very beautifully shot, sara montpetit quite literally achieving goat status!

 11/10

",,2026-07-06
2026-07-07,Blade Runner 2049,2017,https://boxd.it/f6UhGT,,,"soo visually striking, sad will have to wait another 35 years :(",,2026-07-06
2026-07-07,Hot Fuzz,2007,https://boxd.it/f6YJkT,,,"lil pre game before spani v portugal

edit: fuck u ronaldo rest in piss",,2026-07-07
2026-07-07,Into the Night,1985,https://boxd.it/f7zBOZ,5,Yes,i swear this happened to me once.,,2026-07-07
2026-07-08,Paint Drying,2016,https://boxd.it/f8naA7,,,"turned 21 today, dont know what to do with my life",,2026-07-08
2026-07-08,Project Hail Mary,2026,https://boxd.it/f8q2GH,5,Yes,"sandra huller singing sign of the times lowkey made me shed a tear, bday rewatch.",,2026-07-08
2026-07-10,Memories of Murder,2003,https://boxd.it/f9vpwT,,,"dropped this midway in jan, finally finished it.",,2026-07-09
2026-07-10,I Saw the Devil,2010,https://boxd.it/f9AiJh,,,i saw speed,,2026-07-09
2026-07-10,"Are You There God? It's Me, Margaret.",2023,https://boxd.it/faeOBf,,,wow finally a good movie by kelly,,2026-07-10
2026-07-10,The Furious,2025,https://boxd.it/fafVF1,,,"this is pure adrenaline fuel, holy shit!!!",,2026-07-10
2026-07-10,"O Brother, Where Art Thou?",2000,https://boxd.it/fagpe5,5,,"is this the best adaptation of The Odyssey? 

fucking hell this was amazing. the sirens casting is literally 10/10 , shoutout to my brother for recommending this gem! 
",,2026-07-10
2026-07-14,Backrooms,2026,https://boxd.it/ferIXL,,,"Great movie. Absolutely loved the sound design!

Renate Reinsve was phenomenal. The last half dragged a little, but kane did a magnificent job of creating such an immersive atmosphere.
Huge props to the production and set design team. Everything looked exactly as it should, and the VHS camera sequence was crazy good work!!!! but i just dont get it why is this rated 3.3 here i have genuinely seen worse movie rated higher thats just unfair :( good job kane anyways
",,2026-07-14
2026-07-15,The Tenant,1976,https://boxd.it/feCSdZ,4.5,,"Insane film and absolutely genius camerawork, especially the mirror shots. ending soo crazyyy like damn! u just dont know if its genuine conspiracy or just paranoia, psychological horror done right, really good piece on how society can erase individuality through relentless pressure.

The script was incredibly good, loved the movie but why almost every scene with Isabelle Adjani felt like a filler. They had like 0 significance to the actual plot. Anyways still a solid movie
",,2026-07-14
2026-07-15,Sicario,2015,https://boxd.it/feKuwT,,,"Emily Blunt and Benicio del Toro together, wowwwwwwwwwwwwwww",,2026-07-14
2026-07-19,Monsters vs Aliens,2009,https://boxd.it/fjHbSv,,Yes,"Hans Zimmer was the executive music producer of this movie...

Wait... what?!",,2026-07-19
2026-07-20,Mutant Pumpkins from Outer Space,2009,https://boxd.it/fjSTYJ,,Yes,"seth rogan and hugh laurie, what a duo",,2026-07-19
2026-07-20,Night of the Living Carrots,2011,https://boxd.it/fjSXqV,,Yes,"surprisingly, both of my nieces found it super funny!!",,2026-07-19
2026-07-20,B.O.B.'s Big Break,2009,https://boxd.it/fjTs0z,,,"will show this to my wife, which i may or may not have.",,2026-07-19
2026-07-20,Possession,1981,https://boxd.it/fkPtnP,5,,"sincerely, with the utmost respect, WHAT THE FUCK IS THIS MOVIE!! WHAT THE FUCK AM I EVEN WATCHING, CANT REALLY DESCRIBE HOW CRAZY THIS ONE WAS! ADJANI WENT ALL OUT IN THIS ONE, ESPECIALLY THAT SUBWAY SEQUENCE! I HAD NO IDEA WHAT THE FUCK WAS GOING ON HALF OF THE TIME I WAS WATCHING IT BUT I CERTAINLY ENJOYED EVERY SINGLE MINUTE OF THIS MASTERPIECE!!! GEM!!",,2026-07-20
2026-07-21,Night of the Living Dead,1968,https://boxd.it/flcwDx,,,"very scary n  atmospheric, you can feel the dread even if it's in greyscale. But the scariest part of this movie was not the zombies but the human militia who have became blood thirsty indistinguishable from the undead. crazy how evident it is that this movie has influenced films and games in this genre for decades. Very exemplary stuff indeed.",,2026-07-20
2026-07-21,Dawn of the Dead,1978,https://boxd.it/flUIvt,,,"what a great movie, really makes u ponder who are the real villains, the humans or the zombies, such an amazing theme of how people respond when the structures that give life meaning disappear and systems corrode. and how comfort can become a prison as the mall itself starts as a sanctuary. Overtime, it becomes something closer to a cage. The characters become attached to comfort and routine making them reluctant to move on even when staying longer means certain death like the cellar in the first movie.",,2026-07-21
2026-07-21,Day of the Dead,1985,https://boxd.it/flXRUD,,,"Amazing movie. Bub is hands down the greatest zombie OAT and with Rhodes being easily the most unlikable character in the entire franchise, it was incredibly satisfying to see him get what was coming to him.

The bg score was fantastic, mixed with da the constant sense of paranoia mixed with dread, nothing short of the lord's work. Genuinely impressive work.",,2026-07-21
