Date,Name,Year,Letterboxd URI
2025-10-06,Just One of the Guys,1985,https://boxd.it/1xtm
2025-10-06,Snatch,2000,https://boxd.it/2b7U
2025-10-06,My Night at Maud's,1969,https://boxd.it/Hwo
2025-10-06,Shrek,2001,https://boxd.it/29zi
2025-10-06,Shrek 2,2004,https://boxd.it/29z8
2025-10-06,Shrek the Third,2007,https://boxd.it/29yY
2025-10-06,Shrek Forever After,2010,https://boxd.it/1WRo
2025-10-06,The Thing,1982,https://boxd.it/294O
2025-10-06,Adventures in Babysitting,1987,https://boxd.it/1Ofc
2025-10-06,Dazed and Confused,1993,https://boxd.it/1Ylk
2025-10-06,Everybody Wants Some!!,2016,https://boxd.it/9mgM
2025-10-06,The Edge of Seventeen,2016,https://boxd.it/d5nu
2025-10-06,The Batman,2022,https://boxd.it/eDGs
2025-10-06,Joker,2019,https://boxd.it/h4cS
2025-10-06,The Dark Knight Rises,2012,https://boxd.it/H3m
2025-10-06,Batman Begins,2005,https://boxd.it/2aIg
2025-10-06,The Dark Knight,2008,https://boxd.it/2b0k
2025-10-06,Inception,2010,https://boxd.it/1skk
2025-10-06,The Prestige,2006,https://boxd.it/293w
2025-10-06,Tenet,2020,https://boxd.it/leq4
2025-10-06,Fast Times at Ridgemont High,1982,https://boxd.it/1QnM
2025-10-06,American Graffiti,1973,https://boxd.it/29us
2025-10-06,The Shawshank Redemption,1994,https://boxd.it/2aHi
2025-10-06,Shutter Island,2010,https://boxd.it/1U82
2025-10-06,Kick,2014,https://boxd.it/8DPW
2025-10-06,Dishoom,2016,https://boxd.it/dKVW
2025-10-06,Catch Me If You Can,2002,https://boxd.it/29VS
2025-10-06,The Wolf of Wall Street,2013,https://boxd.it/3C1m
2025-10-06,Fight Club,1999,https://boxd.it/2a9q
2025-10-06,Shaun of the Dead,2004,https://boxd.it/29J8
2025-10-06,Remember Me,2010,https://boxd.it/1zyI
2025-10-06,Good Will Hunting,1997,https://boxd.it/2ahY
2025-10-06,Now You See Me,2013,https://boxd.it/2Bsu
2025-10-06,Now You See Me 2,2016,https://boxd.it/99fw
2025-10-06,Mission: Impossible – Dead Reckoning,2023,https://boxd.it/l7zS
2025-10-06,Mission: Impossible – The Final Reckoning,2025,https://boxd.it/l7A2
2025-10-06,Mission: Impossible,1996,https://boxd.it/29d2
2025-10-06,Mission: Impossible – Fallout,2018,https://boxd.it/bSVc
2025-10-06,Mission: Impossible – Rogue Nation,2015,https://boxd.it/5rI4
2025-10-06,Mission: Impossible – Ghost Protocol,2011,https://boxd.it/psI
2025-10-06,The Dictator,2012,https://boxd.it/2DEW
2025-10-06,Borat: Cultural Learnings of America for Make Benefit Glorious Nation of Kazakhstan,2006,https://boxd.it/2agQ
2025-10-06,Borat Subsequent Moviefilm: Delivery of Prodigious Bribe to American Regime for Make Benefit Once Glorious Nation of Kazakhstan,2020,https://boxd.it/rNS0
2025-10-06,Pulp Fiction,1994,https://boxd.it/29Pq
2025-10-06,Love,2015,https://boxd.it/9brE
2025-10-06,The Ba***ds of Bollywood,2025,https://boxd.it/XHCa
2025-10-06,Ted,2012,https://boxd.it/2pgc
2025-10-06,ted,2024,https://boxd.it/KN1y
2025-10-06,Ted 2,2015,https://boxd.it/6oCY
2025-10-07,The Truman Show,1998,https://boxd.it/18U8
2025-10-07,Scott Pilgrim vs. the World,2010,https://boxd.it/1Aq6
2025-10-07,In Bruges,2008,https://boxd.it/20n8
2025-10-07,Groundhog Day,1993,https://boxd.it/2b3e
2025-10-07,Neon Genesis Evangelion,1995,https://boxd.it/ptEI
2025-10-07,The Apartment,1960,https://boxd.it/2aGE
2025-10-07,Minions,2015,https://boxd.it/6jCO
2025-10-07,Midnight in Paris,2011,https://boxd.it/i4a
2025-10-07,Eternal Sunshine of the Spotless Mind,2004,https://boxd.it/6YK
2025-10-07,Ferris Bueller's Day Off,1986,https://boxd.it/1YPY
2025-10-08,Magnolia,1999,https://boxd.it/2aze
2025-10-08,He's Just Not That Into You,2009,https://boxd.it/1WSG
2025-10-09,Main Tera Hero,2014,https://boxd.it/7OMs
2025-10-25,The Monster of Florence,2025,https://boxd.it/Yq48
2025-10-26,A House of Dynamite,2025,https://boxd.it/NcXc
2025-10-28,X,2022,https://boxd.it/sxVa
2025-10-29,Pixels,2015,https://boxd.it/7BaA
2025-10-29,"I Love You, Beth Cooper",2009,https://boxd.it/1ErW
2025-10-29,Click,2006,https://boxd.it/1YVM
2025-10-29,Dumb and Dumber,1994,https://boxd.it/206m
2025-10-29,Free Guy,2021,https://boxd.it/k8dm
2025-10-29,The Mask,1994,https://boxd.it/29rS
2025-10-29,The Invention of Lying,2009,https://boxd.it/1zGs
2025-10-29,Why Him?,2016,https://boxd.it/c3Wq
2025-10-29,It Follows,2014,https://boxd.it/87wo
2025-10-29,Searching,2018,https://boxd.it/hDPg
2025-10-29,Don't Look Up,2021,https://boxd.it/o0Hc
2025-10-29,1408,2007,https://boxd.it/25Vu
2025-10-30,The Jacket,2005,https://boxd.it/1Y6a
2025-11-01,Constantine,2005,https://boxd.it/2a7E
2025-11-02,After Hours,1985,https://boxd.it/1VfS
2025-11-02,Into the Night,1985,https://boxd.it/1U5W
2025-11-02,Moon Knight,2022,https://boxd.it/zeDq
2025-11-02,The Man Who Knew Too Little,1997,https://boxd.it/1YKa
2025-11-03,The World's End,2013,https://boxd.it/3EiO
2025-11-03,Miracle Mile,1988,https://boxd.it/1x68
2025-11-10,Scarface,1983,https://boxd.it/2b7g
2025-11-10,Heat,1995,https://boxd.it/2bg8
2025-11-11,The Godfather,1972,https://boxd.it/2aNK
2025-11-11,Mario Puzo's The Godfather: The Complete Novel for Television,1977,https://boxd.it/dVWm
2025-11-15,GoodFellas,1990,https://boxd.it/29FA
2025-11-15,The Recruit,2003,https://boxd.it/28oS
2025-11-15,American Made,2017,https://boxd.it/bb66
2025-11-16,Inglourious Basterds,2009,https://boxd.it/1JzG
2025-11-16,Se7en,1995,https://boxd.it/29zs
2025-11-21,One Battle After Another,2025,https://boxd.it/DUHM
2025-11-22,Risky Business,1983,https://boxd.it/1YUE
2025-11-23,The Menu,2022,https://boxd.it/lScm
2025-11-23,Stargate,1994,https://boxd.it/27iu
2025-11-23,Sorcerer,1977,https://boxd.it/14J6
2025-11-23,The Girl Next Door,2004,https://boxd.it/1VSq
2025-11-26,The Perks of Being a Wallflower,2012,https://boxd.it/2ZA8
2025-11-26,Y Tu Mamá También,2001,https://boxd.it/28QM
2025-11-29,Sleepless in Seattle,1993,https://boxd.it/29re
2025-11-30,When Harry Met Sally...,1989,https://boxd.it/29W2
2025-11-30,IO,2019,https://boxd.it/fmCU
2025-11-30,Nick and Norah's Infinite Playlist,2008,https://boxd.it/1Slo
2025-11-30,You've Got Mail,1998,https://boxd.it/1Yye
2025-11-30,Neon Genesis Evangelion: The End of Evangelion,1997,https://boxd.it/1GRM
2025-11-30,Cars,2006,https://boxd.it/29ho
2025-12-01,The Graduate,1967,https://boxd.it/18Im
2025-12-01,The Fur Coat Club,1973,https://boxd.it/lN30
2025-12-02,Tall Dark and Handsome,2023,https://boxd.it/Jb6o
2025-12-14,The Worst Person in the World,2021,https://boxd.it/oyws
2025-12-14,Dhurandhar,2025,https://boxd.it/NhCI
2025-12-14,Casablanca,1942,https://boxd.it/2aG0
2025-12-14,Wake Up Dead Man,2025,https://boxd.it/uAKS
2025-12-15,Glass Onion,2022,https://boxd.it/oCkK
2025-12-15,Knives Out,2019,https://boxd.it/jWEA
2025-12-15,Fear & Shame,2017,https://boxd.it/gQLu
2025-12-16,The Gorge,2025,https://boxd.it/zRqK
2025-12-16,Two Night Stand,2014,https://boxd.it/8T3E
2025-12-16,Project X,2012,https://boxd.it/neO
2025-12-16,Bugonia,2025,https://boxd.it/qeWY
2025-12-16,Despicable Me 3,2017,https://boxd.it/azpu
2025-12-16,Minions: The Rise of Gru,2022,https://boxd.it/fz9w
2025-12-16,Despicable Me 4,2024,https://boxd.it/iOLG
2025-12-16,Despicable Me,2010,https://boxd.it/1DD8
2025-12-16,Despicable Me 2,2013,https://boxd.it/3gg0
2025-12-16,Cars 3,2017,https://boxd.it/7IPq
2025-12-16,Cars 2,2011,https://boxd.it/H4Y
2025-12-16,Rio,2011,https://boxd.it/NKc
2025-12-17,Notting Hill,1999,https://boxd.it/2aeK
2025-12-18,Frances Ha,2012,https://boxd.it/41Xg
2025-12-18,Now You See Me: Now You Don't,2025,https://boxd.it/f3i2
2025-12-18,Amélie,2001,https://boxd.it/2aUc
2025-12-18,Chungking Express,1994,https://boxd.it/1UDa
2025-12-19,Punk Love,2006,https://boxd.it/2X5M
2025-12-19,Fallen Angels,1995,https://boxd.it/1UkW
2025-12-19,Manchester by the Sea,2016,https://boxd.it/b2L0
2025-12-19,How the Grinch Stole Christmas,2000,https://boxd.it/1ZHQ
2025-12-19,Liar Liar,1997,https://boxd.it/28sg
2025-12-19,Yes Man,2008,https://boxd.it/1WPW
2025-12-20,Mulholland Drive,2001,https://boxd.it/297o
2025-12-20,"Paris, Texas",1984,https://boxd.it/29Ts
2025-12-20,The Night Before,2015,https://boxd.it/9n9W
2025-12-21,Bharat,2019,https://boxd.it/kTOY
2025-12-22,Connect,2010,https://boxd.it/5eQY
2025-12-22,The Neighbors' Window,2019,https://boxd.it/m92e
2025-12-22,100 Ghosts,2022,https://boxd.it/AWSc
2025-12-22,Emilie Muller,1993,https://boxd.it/ewEO
2025-12-25,Scenes from a Situationship,2025,https://boxd.it/ZCw6
2025-12-25,Eyes Wide Shut,1999,https://boxd.it/2axs
2025-12-25,Home Alone,1990,https://boxd.it/29Fg
2025-12-25,Home Alone 2: Lost in New York,1992,https://boxd.it/29F6
2025-12-27,A Girl Walks Home Alone at Night,2014,https://boxd.it/7nZE
2025-12-27,A Girl Walks Home Alone at Night,2011,https://boxd.it/lDFS
2025-12-27,The Piano Teacher,2001,https://boxd.it/2886
2025-12-27,Twelve Monkeys,1995,https://boxd.it/2beQ
2025-12-27,Tough Guys,1986,https://boxd.it/1UNk
2025-12-27,Portrait of a Lady on Fire,2019,https://boxd.it/jkPq
2025-12-27,Ghost,1990,https://boxd.it/2aLE
2025-12-27,Spree,2020,https://boxd.it/oiiO
2025-12-27,The Godfather Part II,1974,https://boxd.it/2aNq
2025-12-27,The Godfather Part III,1990,https://boxd.it/2aN6
2025-12-28,Honey Don't!,2025,https://boxd.it/Hurc
2025-12-28,Burn After Reading,2008,https://boxd.it/23BW
2025-12-29,Summr Lovr,2025,https://boxd.it/ZoZI
2025-12-29,Baby,2015,https://boxd.it/a874
2025-12-29,Phir Hera Pheri,2006,https://boxd.it/1DCk
2025-12-29,Desi Boyz,2011,https://boxd.it/2MOw
2025-12-29,Holiday,2014,https://boxd.it/8j6i
2025-12-29,It's Entertainment,2014,https://boxd.it/8uRO
2025-12-29,Boss,2013,https://boxd.it/6JlY
2025-12-29,Khiladi 786,2012,https://boxd.it/4GuE
2025-12-29,Happy New Year,2014,https://boxd.it/8sf4
2025-12-29,M.S. Dhoni: The Untold Story,2016,https://boxd.it/dyem
2025-12-29,Plus One,2019,https://boxd.it/inpo
2025-12-31,Sentimental Value,2025,https://boxd.it/GwcG
2026-01-03,In the Mood for Love,2000,https://boxd.it/29tE
2026-01-10,Bram Stoker's Dracula,1992,https://boxd.it/223a
2026-01-10,May,2002,https://boxd.it/1V8M
2026-01-10,Bound,1996,https://boxd.it/1Z1g
2026-01-10,The Untamed,2016,https://boxd.it/dwAK
2026-01-11,Stuart Little,1999,https://boxd.it/1WZW
2026-01-15,People We Meet on Vacation,2026,https://boxd.it/D8ME
2026-01-17,Brick,2005,https://boxd.it/1Z6A
2026-01-17,The Silence of the Lambs,1991,https://boxd.it/2aHW
2026-01-18,Hannibal,2001,https://boxd.it/1XVc
2026-01-18,Anatomy of a Fall,2023,https://boxd.it/yuDE
2026-01-19,Zodiac,2007,https://boxd.it/27MO
2026-01-24,Kyo Kii... Main Jhuth Nahin Bolta,2001,https://boxd.it/59Pw
2026-01-24,Chocolate: Deep Dark Secrets,2005,https://boxd.it/1DKS
2026-01-24,Dil Dhadakne Do,2015,https://boxd.it/bdZC
2026-01-24,Nayak: The Real Hero,2001,https://boxd.it/1frs
2026-01-25,12 Angry Men,1957,https://boxd.it/2auI
2026-01-25,Ek Ruka Hua Faisla,1986,https://boxd.it/rje
2026-01-25,Kuch Kuch Hota Hai,1998,https://boxd.it/1SVG
2026-01-25,Jaane Tu... Ya Jaane Na,2008,https://boxd.it/1O2i
2026-01-25,Blue Velvet,1986,https://boxd.it/29BI
2026-01-25,Boogie Nights,1997,https://boxd.it/23um
2026-01-25,The Lovers on the Bridge,1991,https://boxd.it/26li
2026-01-27,Dil Toh Baccha Hai Ji,2011,https://boxd.it/rWU
2026-01-27,Action Replayy,2010,https://boxd.it/Fti
2026-01-27,Namastey London,2007,https://boxd.it/1DCa
2026-01-27,Andaz Apna Apna,1994,https://boxd.it/l4C
2026-01-27,Sultan,2016,https://boxd.it/d65G
2026-01-27,Bodyguard,2011,https://boxd.it/2vV6
2026-01-27,Tiger Zinda Hai,2017,https://boxd.it/fInM
2026-01-27,Dabangg,2010,https://boxd.it/RZ6
2026-01-27,Bajrangi Bhaijaan,2015,https://boxd.it/bIbo
2026-01-27,Ek Tha Tiger,2012,https://boxd.it/32Xk
2026-01-27,Ready,2011,https://boxd.it/2la
2026-01-27,Partner,2007,https://boxd.it/1s6W
2026-01-27,Karan Arjun,1995,https://boxd.it/3gl0
2026-01-27,Wanted,2009,https://boxd.it/1Aa8
2026-01-27,Tubelight,2017,https://boxd.it/fIkS
2026-01-27,Dabangg 2,2012,https://boxd.it/4FYI
2026-01-27,Son of Sardaar,2012,https://boxd.it/4vM8
2026-01-27,Jai Ho,2014,https://boxd.it/7aVY
2026-01-27,God Tussi Great Ho,2008,https://boxd.it/1usq
2026-01-27,Yamla Pagla Deewana: Phir Se,2018,https://boxd.it/ixKQ
2026-01-27,PK,2014,https://boxd.it/9q1G
2026-01-27,Ra.One,2011,https://boxd.it/ZbS
2026-01-27,Sanju,2018,https://boxd.it/hTZm
2026-01-27,Bhoothnath,2008,https://boxd.it/1L6c
2026-01-27,Haseena Maan Jaayegi,1999,https://boxd.it/1lAg
2026-01-28,Mujhse Shaadi Karogi,2004,https://boxd.it/1Dos
2026-01-28,Dream Girl,1977,https://boxd.it/5WBe
2026-02-09,Superman,2025,https://boxd.it/E9IU
2026-02-09,I'm Still Here,2024,https://boxd.it/BPEO
2026-02-10,Night on Earth,1991,https://boxd.it/2ayq
2026-02-14,Marty Supreme,2025,https://boxd.it/Off0
2026-02-22,Little Miss Sunshine,2006,https://boxd.it/29EW
2026-02-22,La Notte,1961,https://boxd.it/10iU
2026-02-22,Superbad,2007,https://boxd.it/20hO
2026-02-22,10 Things I Hate About You,1999,https://boxd.it/23AO
2026-02-23,Kingdoms,2017,https://boxd.it/iUrW
2026-03-03,Bodega,2024,https://boxd.it/NjZa
2026-03-18,Submarine,2010,https://boxd.it/H4a
2026-03-19,Tees Maar Khan,2010,https://boxd.it/O5Y
2026-03-25,Harold and Maude,1971,https://boxd.it/2axM
2026-03-26,The Daytrippers,1996,https://boxd.it/F9i
2026-03-26,Licorice Pizza,2021,https://boxd.it/qTKY
2026-03-26,Fish Tank,2009,https://boxd.it/1xBg
2026-03-28,Malena,2000,https://boxd.it/1Vc0
2026-03-28,Things to Come,2016,https://boxd.it/d0wc
2026-03-29,Petite Maman,2021,https://boxd.it/s6je
2026-03-29,Punch-Drunk Love,2002,https://boxd.it/20E4
2026-03-30,Dhurandhar The Revenge,2026,https://boxd.it/Z0Uu
2026-04-01,Two People Exchanging Saliva,2024,https://boxd.it/PM3e
2026-04-01,Donnie Darko,2001,https://boxd.it/2b2A
2026-04-03,Ghost Rider,2007,https://boxd.it/290M
2026-04-03,Ghost Rider: Spirit of Vengeance,2011,https://boxd.it/2qne
2026-04-03,Focus,2015,https://boxd.it/7zl2
2026-04-04,"Synecdoche, New York",2008,https://boxd.it/23zw
2026-04-04,A Quiet Place Part II,2020,https://boxd.it/iTx0
2026-04-04,28 Days Later,2002,https://boxd.it/2aXU
2026-04-11,Aftersun,2022,https://boxd.it/Arw0
2026-04-14,Entourage,2015,https://boxd.it/5Hki
2026-04-15,But I'm a Cheerleader,1999,https://boxd.it/1CW4
2026-04-17,La Haine,1995,https://boxd.it/2as8
2026-04-17,PlayTime,1967,https://boxd.it/1WLK
2026-04-17,Jumbo,2020,https://boxd.it/iu1o
2026-04-18,Tu Yaa Main,2026,https://boxd.it/Txja
2026-04-18,Do Deewane Seher Mein,2026,https://boxd.it/Lcb4
2026-04-18,Little Things,2025,https://boxd.it/Yk5E
2026-04-19,Samay Raina: Still Alive,2026,https://boxd.it/127xe
2026-04-19,The Sure Thing,1985,https://boxd.it/1Zqg
2026-04-19,The Last Picture Show,1971,https://boxd.it/1weg
2026-04-19,Face/Off,1997,https://boxd.it/29I0
2026-04-24,Say Anything...,1989,https://boxd.it/27B2
2026-04-24,Secret Admirer,1985,https://boxd.it/1x5E
2026-04-24,While We Watched,2022,https://boxd.it/Cp0A
2026-04-26,Raising Arizona,1987,https://boxd.it/2avQ
2026-04-26,Buffalo '66,1998,https://boxd.it/1YC6
2026-04-27,Zabriskie Point,1970,https://boxd.it/25Yy
2026-04-27,Me & You,2012,https://boxd.it/3Xw6
2026-04-27,The Shining,1980,https://boxd.it/29Nu
2026-04-27,"Salò, or the 120 Days of Sodom",1975,https://boxd.it/237s
2026-04-27,Vincent,1982,https://boxd.it/1hLa
2026-04-30,Good Omens,2019,https://boxd.it/jUOI
2026-05-01,Bend It Like Beckham,2002,https://boxd.it/2am0
2026-05-02,Bridget Jones's Diary,2001,https://boxd.it/29WQ
2026-05-02,Hoppers,2026,https://boxd.it/OFpg
2026-05-02,Project Hail Mary,2026,https://boxd.it/pEeQ
2026-05-02,Nowhere,1997,https://boxd.it/286E
2026-05-04,Whisper of the Heart,1995,https://boxd.it/17uy
2026-05-04,Friday,1995,https://boxd.it/1VLO
2026-05-05,Next Friday,2000,https://boxd.it/1Wbi
2026-05-05,Friday After Next,2002,https://boxd.it/1Wie
2026-05-05,Kung Fu Panda 3,2016,https://boxd.it/4uRQ
2026-05-05,Kung Fu Panda 2,2011,https://boxd.it/G36
2026-05-05,Kung Fu Panda,2008,https://boxd.it/1Yws
2026-05-05,The Matrix,1999,https://boxd.it/2a1m
2026-05-05,The Matrix Reloaded,2003,https://boxd.it/2a1c
2026-05-05,The Matrix Revolutions,2003,https://boxd.it/2a12
2026-05-05,John Tucker Must Die,2006,https://boxd.it/1Z2S
2026-05-05,The Drama,2026,https://boxd.it/OA2w
2026-05-06,The Florida Project,2017,https://boxd.it/dMG0
2026-05-12,The Way Way Back,2013,https://boxd.it/4Gwq
2026-05-12,The DUFF,2015,https://boxd.it/8eP8
2026-05-15,In the Cut,2003,https://boxd.it/1V12
2026-05-15,The Comfort of Strangers,1990,https://boxd.it/Ybs
2026-05-17,Senseless,1998,https://boxd.it/1RLg
2026-05-18,Uncut Gems,2019,https://boxd.it/gXGc
2026-05-18,Good Time,2017,https://boxd.it/fcFu
2026-05-18,Je Tu Il Elle,1974,https://boxd.it/3gWK
2026-05-18,The Clock,2010,https://boxd.it/4sp6
2026-05-20,Desert Hearts,1985,https://boxd.it/2aFc
2026-05-23,Lost Highway,1997,https://boxd.it/29Wc
2026-05-23,Tom Clancy's Jack Ryan: Ghost War,2026,https://boxd.it/R7Ys
2026-05-23,That Night,1992,https://boxd.it/1dZs
2026-05-29,Dog Day Afternoon,1975,https://boxd.it/29bg
2026-05-30,Berlin and the Lady with an Ermine,2026,https://boxd.it/13sBS
2026-05-30,Berlin,2023,https://boxd.it/13Dog
2026-05-30,Me and Earl and the Dying Girl,2015,https://boxd.it/9SAE
2026-05-30,Iron Lung,2026,https://boxd.it/GdtI
2026-05-30,Mortal Kombat II,2026,https://boxd.it/z6iO
2026-05-31,Stand by Me,1986,https://boxd.it/2aOe
2026-06-01,Riding in Cars with Boys,2001,https://boxd.it/1UF6
2026-06-01,Humanist Vampire Seeking Consenting Suicidal Person,2023,https://boxd.it/Blzk
2026-06-06,Obsession,2025,https://boxd.it/PNqo
2026-06-14,Disturbia,2007,https://boxd.it/20rk
2026-06-14,Heathers,1989,https://boxd.it/26x4
2026-06-22,Special Ops 1.5 The Himmat Story,2021,https://boxd.it/F8hA
2026-06-22,Taskaree: The Smuggler's Web,2026,https://boxd.it/10Aow
2026-06-22,Ruby Sparks,2012,https://boxd.it/3w9O
2026-06-22,Prisoners,2013,https://boxd.it/4E5i
2026-06-23,There Will Be Blood,2007,https://boxd.it/20Z2
2026-06-23,Killers of the Flower Moon,2023,https://boxd.it/gHp0
2026-06-23,Insomnia,2002,https://boxd.it/2aB0
2026-06-24,Rosetta,1999,https://boxd.it/1TJw
2026-06-25,The Insider,1999,https://boxd.it/1ZoE
2026-06-26,Parasite,2019,https://boxd.it/hTha
2026-06-30,The Sheep Detectives,2026,https://boxd.it/NDSe
2026-06-30,The Usual Suspects,1995,https://boxd.it/29XE
2026-06-30,Vertigo,1958,https://boxd.it/2apI
2026-07-02,Paul,2011,https://boxd.it/13uE
2026-07-03,Apocalypse Now,1979,https://boxd.it/6ZS
2026-07-03,Incendies,2010,https://boxd.it/Msm
2026-07-03,Barry Lyndon,1975,https://boxd.it/25A2
2026-07-04,Videodrome,1983,https://boxd.it/29uC
2026-07-07,Blade Runner,1982,https://boxd.it/2bcA
2026-07-07,Falcon Lake,2022,https://boxd.it/zHkW
2026-07-07,Blade Runner 2049,2017,https://boxd.it/b8wK
2026-07-07,Hot Fuzz,2007,https://boxd.it/2416
2026-07-07,Psycho,1960,https://boxd.it/2ab2
2026-07-08,Paint Drying,2016,https://boxd.it/UYIe
2026-07-09,The Raid,2011,https://boxd.it/3hBy
2026-07-10,Memories of Murder,2003,https://boxd.it/1TSo
2026-07-10,I Saw the Devil,2010,https://boxd.it/FaK
2026-07-10,"Are You There God? It's Me, Margaret.",2023,https://boxd.it/kiYC
2026-07-10,The Furious,2025,https://boxd.it/MQuM
2026-07-10,"O Brother, Where Art Thou?",2000,https://boxd.it/2b3I
2026-07-14,Backrooms,2026,https://boxd.it/EY6W
2026-07-15,The Tenant,1976,https://boxd.it/1TKk
2026-07-15,Sicario,2015,https://boxd.it/8i7u
2026-07-17,Sinners,2025,https://boxd.it/KQMM
2026-07-19,Monsters vs Aliens,2009,https://boxd.it/1M50
2026-07-20,Mutant Pumpkins from Outer Space,2009,https://boxd.it/vhQ
2026-07-20,Night of the Living Carrots,2011,https://boxd.it/3VBS
2026-07-20,B.O.B.'s Big Break,2009,https://boxd.it/1wPm
2026-07-20,Thesis,1996,https://boxd.it/1Z1U
2026-07-20,Possession,1981,https://boxd.it/1BPm
2026-07-21,Night of the Living Dead,1968,https://boxd.it/1WwA
2026-07-21,Dawn of the Dead,1978,https://boxd.it/29gU
2026-07-21,Day of the Dead,1985,https://boxd.it/20dM
2026-07-21,Land of the Dead,2005,https://boxd.it/1Tfm
